,size,floyd_time,djikstra_time
0,5,0.000354766845703125,0.0006334781646728516
1,10,0.0052607059478759766,0.004672050476074219
2,15,0.016093969345092773,0.0121002197265625
3,20,0.0214235782623291,0.02297520637512207
