,size,floyd_time,djikstra_time
0,5,0.0028612613677978516,0.004105806350708008
1,10,0.021740198135375977,0.0262906551361084
2,15,0.06947636604309082,0.06087446212768555
3,20,0.15857291221618652,0.1600322723388672
